"Subject","mTS","mAcc","Age","Sex"
"2",82.8555208000968,0.890397036273326,27,"male"
"3",77.4277147080449,0.944193455028935,25,"female"
"4",129.282613972325,0.908597206739727,18,"male"
"5",99.1593591202577,0.885647997577028,23,"female"
"6",61.3638016501754,0.8419851131909,20,"male"
"7",75.2727349197334,0.85441139366162,22,"female"
"8",109.800191355058,0.819606868744406,21,"male"
"9",82.4716886770913,0.777089195508193,22,"female"
"10",62.7136049799496,0.903831997040706,22,"female"
"11",120.468071267536,0.866057485317223,19,"male"
"12",77.377425958493,0.893586007191857,24,"male"
"13",61.2409532788807,0.825319703132599,23,"female"
"14",61.4449661481796,0.873462962730744,18,"female"
"15",71.1742277081571,0.903022673537417,22,"female"
"16",61.7161776555281,0.828198339591306,19,"female"
"17",86.6735806108134,0.751482265386407,26,"female"
"19",80.6417928222191,0.799226822576904,22,"female"
"20",72.8691621988646,0.750273350408988,18,"female"
"21",79.5398145758406,0.853659016261839,20,"female"
"22",87.0150799523433,0.874630754881937,22,"male"
"24",78.3332600097506,0.807487956933629,20,"female"
"25",101.542160690882,0.817110248482124,21,"female"
"26",74.4758517751769,0.829075017855372,24,"female"
"27",83.9561976315244,0.887911411728292,21,"female"
"28",71.4424910870518,0.888548818458396,22,"male"
"29",78.6612121150158,0.737615775556836,20,"female"
"30",55.4030610273738,0.851478931535269,18,"male"
"31",66.5236591303812,0.899782058021673,22,"female"
"32",48.5603181195741,0.810380920563083,25,"male"
"33",80.4362603257839,0.882220794152406,23,"female"
"34",74.9515760330833,0.857923845959393,22,"male"
"35",72.6140208270765,0.862205331565067,25,"female"
"36",82.0928475107461,0.812882994419484,18,"female"
"37",51.0227640785177,0.868213564126725,18,"male"
"38",48.1932672129867,0.923830647812288,22,"female"
"39",83.9376964587162,0.863602498075017,27,"male"
"41",49.9598269906967,0.797607931564459,19,"male"
"42",99.6151610608765,0.865321700214181,19,"female"
"43",102.873863924364,0.818166451195531,24,"male"
"44",97.3880937089471,0.804585111793482,20,"male"
"45",52.7124183049354,0.926489413409834,33,"male"
"46",40.2989340367638,0.913519090453572,18,"female"
"47",56.5846203988496,0.835779311916595,18,"female"
"48",99.8209408193935,0.815733194031251,21,"female"
"49",41.4939198645192,0.886426532331083,22,"female"
"50",36.4572728050276,0.728280235493921,18,"male"
"51",60.3053990426266,0.837937538492541,21,"male"
"52",103.239097989516,0.841053415638691,20,"female"
"53",59.323899300455,0.803447178895837,22,"male"
"54",63.997284139325,0.757605396749157,22,"female"
"55",62.077002653674,0.875537297290897,18,"female"
"56",64.5636958164158,0.851059606243994,20,"male"
"57",66.0894317278599,0.872853323068247,22,"female"
"58",84.6550062681701,0.907672100543191,22,"female"
"59",59.383105984924,0.875880437362784,21,"female"
"60",50.3292303739455,0.849942604619637,20,"female"
"62",77.3935771264431,0.814072458104839,26,"female"
"63",84.2952921563231,0.810120003988281,20,"female"
"64",55.1183549290428,0.833558841909971,21,"female"
"65",79.0102027131452,0.825444520478277,21,"male"
"66",75.173100675291,0.882578167683779,22,"female"
"67",48.750976537333,0.881119257396182,27,"female"
"68",87.5943354799232,0.816455672366619,23,"female"
"69",56.2098647426706,0.866104301655079,18,"female"
"70",43.9412171683367,0.657224852023193,19,"male"
"71",47.2242424056918,0.873946561640309,21,"male"
"72",79.7676140405277,0.891432861185262,21,"male"
"73",62.2904755302533,0.827450033506459,18,"female"
"74",78.3595086704135,0.911368545427567,25,"male"
"75",54.3509597425645,0.770871800972198,20,"male"
"76",71.0471626359028,0.823905592275183,29,"male"
"77",73.2995729497111,0.895426574560152,19,"male"
"78",48.228877373003,0.841481110921619,40,"female"
"79",42.807435107094,0.94568808503741,53,"female"
"82",82.3268701831094,0.836790807716285,20,"female"
"84",51.6332676862683,0.881651787004365,29,"male"
"86",84.0557968573554,0.862898893470262,19,"female"
"87",50.5845939467722,0.809666699920178,25,"female"
"88",44.4171763322972,0.807809970873811,18,"male"
"90",63.0423767914431,0.868155310045229,22,"female"
"92",102.277440566236,0.905277662341959,20,"male"
"93",54.7611021807309,0.867451940717571,19,"male"
"94",99.9861221375156,0.915691629092968,20,"male"
"95",63.8555292788705,0.856074767180531,23,"female"
"96",63.4566522384676,0.83450407374153,21,"male"
"97",72.5092893192995,0.746002046548122,22,"female"
"99",45.7224057655161,0.93252415176448,18,"female"
"100",43.5172075595874,0.826236261167444,19,"female"
"101",71.4974298674944,0.772573550468129,21,"female"
"102",41.2171218812721,0.862834513077867,23,"male"
"103",72.2717201479532,0.837425173504951,20,"female"
"105",59.4479076840409,0.883703950443645,18,"female"
"106",51.3398721870121,0.86139434046018,19,"male"
"108",73.9755836975661,0.823817938748113,19,"female"
"109",49.4723859937959,0.79390513819382,20,"female"
"110",59.945595163067,0.85405878878107,20,"female"
"111",80.7652774168997,0.838497346460645,20,"female"
"112",65.1005808621253,0.906521568457682,20,"female"
"113",97.2851583099589,0.87194626960544,19,"female"
"114",53.5270312057951,0.809375494309908,18,"male"
"115",62.8590718431114,0.893733812637942,20,"female"
"116",106.721306113549,0.907071708538668,18,"male"
"117",79.908719037485,0.960481754656375,28,"female"
"118",42.1408510193027,0.931198923634279,18,"female"
"119",71.6395650355211,0.79541661986426,18,"female"
"120",78.2611921254686,0.858746907228621,21,"female"
"121",73.7296302707799,0.766669194417333,21,"male"
"122",77.1717420452609,0.867241485182468,21,"female"
"123",74.9524911023969,0.696047348377627,21,"female"
"124",62.5383333825685,0.845598929577191,22,"female"
"125",63.8122621082405,0.890159204989972,18,"male"
"126",54.8259560621927,0.871180242165723,22,"male"
"127",74.5185468911978,0.788088990919107,55,"female"
"130",64.4380018323488,0.931259801971755,18,"male"
"136",72.7085540592231,0.763229657896036,19,"male"
"137",59.5664737674981,0.89515757671821,19,"female"
"138",100.814079545419,0.879956509201496,27,"male"
"139",51.6846420050778,0.7092605079679,18,"male"
"140",67.5537100982239,0.811578150206628,24,"female"
"141",54.4930312285081,0.899677988925948,20,"male"
"142",87.7853526807667,0.909898863755216,18,"female"
"143",60.6325221475408,0.915558517143729,23,"male"
"144",58.4489628858439,0.851568160417888,18,"male"
"145",81.8075084635853,0.838158194702891,26,"female"
"146",48.655453006182,0.880764025352851,21,"female"
"147",81.3097727537226,0.878913792084807,26,"male"
"148",99.8243859650325,0.875579508346852,28,"male"
"149",51.9026706950768,0.773503812766751,19,"female"
"150",39.4474096030543,0.82206239523974,19,"female"
"152",92.2949368969972,0.75777533038663,22,"male"
"153",63.9429275998737,0.755353388904572,27,"female"
"154",74.6379275544445,0.914339845666995,22,"male"
"155",78.6111046727234,0.903524722944336,18,"female"
"156",105.682812049666,0.842277228715469,23,"male"
"157",57.7454618148447,0.724150967556595,18,"male"
"158",78.5779531230329,0.791624056162968,19,"male"
"159",74.2155396135269,0.743360876279496,20,"female"
"160",56.4156071635476,0.87589108993349,21,"female"
"161",69.5910875816951,0.892288736635909,25,"female"
"162",80.5491633216134,0.749993496770373,22,"male"
"163",67.1640633729819,0.913019249585706,20,"female"
"164",79.1360426120279,0.902596721905306,20,"male"
"165",71.7277351381942,0.74282066576614,19,"male"
"166",75.5228303782846,0.802211085665861,19,"male"
"168",42.0792066217523,0.73345417409384,19,"male"
"169",38.5647397245634,0.915292961068728,28,"female"
"170",67.3301790644552,0.861163069572571,18,"male"
"171",73.98436544447,0.798828676283033,18,"male"
"172",60.0288018638411,0.735607824531873,21,"female"
"176",67.8527462910096,0.793699248654781,18,"female"
"177",86.7898089673247,0.807865960485829,20,"female"
"178",44.4370091399888,0.844863755608496,22,"male"
"179",67.049973980494,0.813908218870859,18,"female"
"180",36.8536557999629,0.854361700235709,38,"female"
"181",56.4110465101893,0.909287330563583,22,"female"
"182",35.3251541901256,0.902466660376249,19,"male"
"183",55.6545857552,0.882999117371939,21,"male"
"184",49.5668141100247,0.756276689224029,19,"female"
"185",58.8625047039532,0.911673980087263,33,"male"
"186",71.3761498675467,0.836929643521246,20,"female"
"187",71.28726556804,0.889271924915435,19,"female"
"188",56.5848142012993,0.872910295698576,20,"female"
"189",28.1391784380423,0.914052858792376,21,"male"
"190",41.1050544572489,0.880383332512111,20,"male"
"191",101.444857745118,0.834223565128656,21,"female"
"192",69.134088218986,0.795826132358324,19,"female"
"193",49.921370937604,0.85954058233402,18,"female"
"195",41.9006380919922,0.831739144122672,19,"male"
"196",56.9116081140515,0.940918688608018,19,"female"
"198",60.0060212089437,0.872255216244995,19,"female"
"199",59.7729477368269,0.908068432614114,20,"female"
"200",72.2804748328538,0.766061443923533,23,"female"
"201",52.1416120039723,0.882807928938609,19,"male"
"203",45.6057761697159,0.86611284567867,18,"female"
"205",53.7374570098989,0.880106814234734,20,"female"
"206",52.8102993161657,0.899165158029823,33,"female"
"207",72.1295252810575,0.894893409619497,23,"male"
"208",82.5252274108394,0.821810250866278,18,"female"
"209",75.4000354041265,0.779340465066532,18,"female"
"210",63.8250672191689,0.744162297558562,21,"female"
"211",59.508625276724,0.790848008472485,23,"female"
"212",62.4045755672695,0.895989806650777,22,"female"
"213",58.1867504117385,0.892066732578305,19,"female"
"214",61.8948571290942,0.738478006127204,19,"male"
"215",76.7503559229387,0.897186057670603,19,"male"
"216",74.5201659422861,0.848395725313117,26,"female"
"217",63.7509362468186,0.805420343079945,19,"male"
"218",58.0782286796014,0.84346431566133,22,"female"
"219",43.9184273279072,0.907429187570225,27,"male"
"220",53.5608190482723,0.763945845593913,18,"female"
"221",66.9894408661986,0.626253353213747,22,"female"
"222",76.7041123094354,0.843298968116397,18,"female"
"224",75.7154184032477,0.827341943516622,21,"male"
"225",85.7645905664464,0.878305511336004,23,"female"
"226",51.9540560088987,0.887263271885245,22,"male"
"228",45.8361815020233,0.922976564843419,19,"male"
"230",66.4912853321294,0.774034106789083,19,"male"
"231",31.5328192691783,0.821259191222443,18,"male"
"232",53.4600466807319,0.818565841348064,18,"female"
"233",66.5369317084444,0.825763294067324,23,"male"
"234",47.4956066374341,0.924324098691811,18,"female"
"235",75.7276868339437,0.773342773248908,18,"female"
"236",61.0275877874831,0.750166128307997,20,"female"
"237",61.0333184939144,0.882499602965679,21,"female"
"238",67.1461705246042,0.886376912551899,21,"female"
"240",76.905886077122,0.877446608014257,21,"male"
"241",83.9633634574571,0.840393217421873,23,"female"
"242",57.3711892126648,0.875276091072743,22,"female"
"243",55.5556874665186,0.887766280184983,19,"male"
"244",70.6654422832769,0.855192019775427,20,"female"
"245",39.3141627460325,0.863243955206951,20,"male"
"247",90.0966580711962,0.72547531370238,18,"female"
"248",102.139399673343,0.833320928563498,21,"female"
"249",104.501463689443,0.823560557055344,20,"female"
"250",51.5114852396903,0.873668653880726,18,"female"
"251",76.3344186249637,0.812221661339351,20,"female"
"252",83.3707049061466,0.88078024154055,23,"male"
"253",55.1099659986388,0.903056011344709,19,"male"
"254",81.2838720102529,0.822249780900229,19,"female"
"255",63.7637906389043,0.859365425612005,24,"female"
"256",76.8863081153251,0.87145902815546,23,"female"
"257",58.996755153757,0.835974922689574,21,"female"
"258",86.7359289259108,0.88905326380846,22,"female"
"259",63.186222752148,0.763107045707351,25,"female"
"260",88.6836122033224,0.853050823511,18,"female"
"261",50.2966698137973,0.884116648297271,19,"female"
"262",38.2761616044612,0.896472887906484,18,"female"
"264",54.4092694774504,0.886183003389027,20,"male"
"265",83.1486673098734,0.863142523662439,22,"male"
"267",93.1368799572642,0.757667506256756,18,"female"
"270",56.6573044542618,0.854678055152343,20,"female"
"271",79.8712297290702,0.879319920335715,22,"male"
"272",54.6666161265738,0.919168324290132,21,"male"
"273",48.0596967378972,0.867199925434197,25,"female"
"274",54.2723921044846,0.833492008344241,22,"female"
"275",61.7321595849501,0.837994084668271,21,"female"
"276",36.4346716782962,0.821136940298376,18,"male"
"277",51.22790074715,0.719631251828546,20,"female"
"280",56.566227226929,0.900003676058507,25,"female"
"281",84.829105354827,0.716865677038073,21,"male"
"283",80.2485192746284,0.835122342564177,22,"female"
"284",41.8171807950572,0.889065668519481,19,"female"
"285",71.0549130548832,0.875559498885083,19,"male"
"286",76.923091121809,0.766076430985305,19,"female"
"287",58.2911781322312,0.901178822908273,25,"female"
"289",53.9051466348488,0.897453376312223,22,"female"
"290",94.4360222889733,0.921389860220398,20,"female"
"291",75.6988979530827,0.888450212321072,21,"female"
"292",54.2093972303048,0.816599659791077,20,"female"
"293",76.4225746779999,0.954881965639849,26,"female"
"294",77.7060772055447,0.821986360127355,22,"female"
"295",76.846603959877,0.861406351485834,19,"female"
"296",42.8806661384178,0.812094230158957,22,"male"
"297",48.8625399760566,0.914765967371335,27,"female"
"298",52.4942095566471,0.851926847322178,20,"female"
"299",89.40374761771,0.856495788909303,21,"female"
"300",88.5773567271745,0.865584711182789,23,"female"
"301",54.9107598134529,0.883148411991216,18,"female"
"302",67.5727834246765,0.907247100657408,23,"female"
"303",89.5887953223299,0.8792583116468,24,"male"
"304",88.2531934823003,0.893837703113442,20,"female"
"305",81.3043174847588,0.813042057462776,20,"male"
"306",55.4281511984694,0.900682441667902,19,"female"
"308",62.0784847636717,0.762293754511203,19,"female"
"309",74.6894020841207,0.796601316236399,18,"male"
"310",60.8834147290843,0.844109702928802,25,"male"
"311",56.1351743299104,0.790491760442048,19,"female"
"312",85.678453932167,0.844470821880819,22,"male"
"313",59.5741933708996,0.88229034795049,20,"female"
"314",57.4812068873977,0.907613081101948,28,"female"
"315",51.8400015360462,0.787258081657155,18,"female"
"316",70.4495544277169,0.812464658058318,20,"female"
"317",66.2573761742124,0.857904053177268,19,"female"
"318",92.7140266799344,0.717018853977172,21,"male"
"319",86.0852270168779,0.727171242539315,23,"female"
"320",41.9132855727153,0.872983009073681,18,"female"
"321",72.6598370534212,0.892900941064401,26,"female"
"322",42.0404014525708,0.852627775297894,29,"female"
"323",38.3556684645942,0.873965405165325,21,"male"
"324",76.2471822925056,0.888176019034673,21,"male"
"325",69.4031432806006,0.825437531799859,20,"female"
"327",82.519354387414,0.874787175283861,21,"female"
"329",81.1892498263896,0.804147597361646,20,"female"
"330",73.8175866450411,0.882085475285507,21,"male"
"331",78.8648600781353,0.875457209324544,18,"female"
"333",53.4276443229508,0.931165982409683,23,"male"
"334",54.038115493927,0.804165875019243,21,"male"
"335",84.180989402193,0.840304823698117,22,"male"
"336",69.6822962857024,0.631852714832621,19,"female"
"337",92.6509635586866,0.835301908608772,18,"male"
"338",49.0190906545874,0.885207371314362,18,"male"
"339",100.90300010816,0.854545804483871,21,"female"
"340",84.4884849243727,0.872026569337664,24,"male"
"341",63.0688670197133,0.822622055882012,22,"male"
"343",55.9955503050825,0.790142481171447,28,"female"
"344",56.6022871825837,0.805844655557625,19,"male"
"345",66.5597208750854,0.848869334832174,21,"female"
"346",71.0968705900129,0.894482939516908,21,"female"
"348",45.3240044773069,0.930394352532247,19,"female"
"349",90.4336391058984,0.809681682408647,19,"male"
"350",83.9439685992306,0.831056007259756,25,"female"
"352",114.844676956516,0.821887799929104,18,"male"
"353",66.0587367535936,0.790689250010797,18,"male"
"354",59.4962124117779,0.802732006694145,23,"female"
"355",54.484716927035,0.793425349015203,22,"female"
"356",104.68912574419,0.869319698189962,21,"male"
"357",52.8133761604171,0.84861633317932,20,"female"
"358",91.2911185351907,0.770410753220585,19,"female"
"359",66.3703059332274,0.896788026672426,24,"male"
"360",78.1259278350515,0.845968769865705,18,"male"
"361",70.7419569354972,0.877178198602921,21,"female"
"362",69.8503184442363,0.91343617949317,19,"male"
"363",50.4352306713446,0.80811616118945,20,"male"
"364",109.912271265634,0.906092247170803,22,"male"
"365",90.1523572215523,0.884887618552388,30,"male"
"366",77.5811337112712,0.906611658454917,21,"female"
"367",67.0240030927258,0.849316499532426,24,"female"
"368",47.3073407036794,0.756980713603751,21,"female"
"369",101.982795270947,0.896714477310586,23,"male"
"371",46.0439329024097,0.890565514812514,24,"female"
"372",64.8711792119229,0.813359342695526,23,"female"
"373",75.7296926133853,0.784465191045317,20,"female"
"374",49.8113010084095,0.859044329153157,20,"female"
"375",54.2349378361271,0.910505284632701,24,"male"
"377",72.2156062195177,0.87181232327417,20,"female"
"378",55.3908714190902,0.918830776940464,24,"female"
"379",57.6609054199088,0.849550690575009,18,"female"
"380",88.0008489697875,0.840003997950899,19,"male"
"381",80.0361547657378,0.871591483836878,25,"female"
"382",67.2609907452373,0.876389811968634,18,"female"
"383",39.4334517166388,0.910349431540092,18,"female"
"384",98.3582489734798,0.863200500045065,22,"female"
"385",50.7226657971045,0.885016373063394,20,"female"
"386",56.3706653139147,0.876249761199983,25,"female"
"389",50.6631072836624,0.786585592882771,18,"female"
"390",50.2703618584654,0.769373147389317,26,"male"
"391",54.5127746183742,0.804007288938847,23,"female"
"392",62.4680039165627,0.82311212692236,24,"female"
"393",63.4423487489543,0.878549905931178,23,"female"
"394",86.6969134543975,0.869752172545109,21,"male"
"395",35.0018286714127,0.891873844465101,18,"female"
"396",59.0413894028838,0.769886199663673,22,"male"
"397",40.2046868000301,0.814357217672362,22,"male"
"398",32.3048342130263,0.941816992716866,18,"male"
"399",79.500022759047,0.871290323528836,23,"female"
"400",63.3265518785856,0.779586022244157,19,"male"
"401",104.443053042212,0.844050888137727,21,"male"
"402",84.5083441830034,0.907766333072691,20,"female"
"404",88.5449228147643,0.809322790428016,21,"male"
"405",72.1739006825275,0.876483595365838,19,"male"
"406",128.700152029856,0.857073329725289,24,"male"
"407",85.03791505878,0.891522922150912,21,"male"
"408",31.4038198556196,0.849072532093444,20,"female"
"409",78.5466539175619,0.833832511640097,18,"female"
"410",92.0291079193049,0.868571105535782,19,"male"
"411",61.6662961375068,0.9010092396001,31,"female"
"412",82.7349477513691,0.84935686674236,21,"male"
"413",48.3263660979612,0.891802498284706,35,"female"
"414",36.1240680839777,0.874045251572263,31,"male"
"415",60.9519012240024,0.883980013002827,22,"female"
"416",57.5306116284794,0.939292360040004,20,"female"
"418",72.2594668252618,0.850613291411216,19,"male"
"419",64.6162115640984,0.812670890838797,18,"female"
"421",52.474144099324,0.889529981554422,19,"female"
"422",80.9746614918429,0.752259127393322,22,"female"
"423",88.4599196191523,0.931142139245291,37,"male"
"424",76.8970278373052,0.902354474981,23,"female"
"425",64.0555015471523,0.892304748164872,22,"female"
"426",76.5825251736401,0.866860271470185,18,"male"
"427",34.9978499469224,0.457275111417095,19,"male"
"428",42.247130773777,0.8396337678104,20,"female"
"429",46.5037065826026,0.893631490659291,19,"female"
"430",80.557823683514,0.857890595599935,23,"male"
"431",61.5350627672079,0.848683036500557,23,"female"
"432",60.25029587215,0.82096836661671,27,"male"
"433",96.5112391455289,0.792027311806388,23,"female"
"434",82.6682279174268,0.813966402574064,20,"female"
"435",73.9156468605795,0.874897180010788,23,"female"
"436",60.8109797953183,0.805101180402812,20,"female"
"437",68.1511112336017,0.810499672109098,21,"female"
"439",66.7949518000936,0.907038016355281,21,"female"
"440",56.4409819606965,0.839551666741231,20,"female"
"441",62.806361536322,0.891294773242131,20,"female"
"442",59.4406976551415,0.860360859950454,19,"female"
"443",59.4428375360573,0.809998955489133,20,"male"
"444",64.2237404158009,0.857751835479996,20,"male"
"446",46.2632280900335,0.826966464882727,18,"female"
"447",91.1627855368336,0.75032817956487,24,"female"
"448",49.1857560437024,0.829884368986133,19,"male"
"449",48.9419026685671,0.786608959168355,19,"female"
"451",69.6875301310592,0.83829174521956,21,"female"
"452",53.1075072229494,0.810816364434279,22,"male"
"453",61.371110493857,0.880089518890606,22,"female"
"454",65.369150803772,0.87732256114441,20,"male"
"456",71.7667740647709,0.835173932732156,23,"female"
"457",35.1301721328292,0.921727599278288,19,"female"
"458",61.4771661015061,0.843992854652118,22,"female"
"459",58.001232273943,0.929858573459219,32,"male"
"460",78.7258689672181,0.89137966805592,19,"female"
"461",36.6555830943125,0.775215828060191,18,"male"
"462",22.3705743350026,0.894341228906583,20,"male"
"463",33.6559037241991,0.910076164947764,18,"male"
"464",52.2248455857596,0.893747293585033,22,"male"
"465",60.7322284721737,0.829616264391166,24,"female"
"466",77.1542905176566,0.855790754336865,26,"female"
"467",102.054527810071,0.788717837679485,23,"female"
"468",59.7045218144988,0.913755895681006,21,"female"
"469",88.0366735475308,0.923098825991194,20,"female"
"470",45.6036770759895,0.910270515964332,26,"female"
"471",65.4926402287377,0.897549087364692,20,"female"
"472",27.466640567429,0.82361406376877,19,"female"
"473",42.1891334204327,0.884026388588324,58,"male"
"474",51.735636797319,0.889422438350376,27,"male"
"477",75.0786974265575,0.806874754319669,26,"female"
"478",54.288974773541,0.870681535487491,21,"male"
"479",85.2255143741249,0.836677495146062,19,"female"
"480",55.9092192433852,0.906699003805962,19,"female"
"482",63.2997553549779,0.832962947545447,24,"female"
"483",77.1331760747433,0.757338338182018,21,"female"
"485",80.1082610840355,0.839765109514873,20,"female"
"486",49.3147863443309,0.90719631000234,23,"female"
"487",67.0703995336387,0.955521291284118,24,"female"
"488",38.7231396499842,0.812401339877071,23,"male"
"490",51.7044015971167,0.790210479757096,19,"female"
"491",78.8864196009836,0.824996712652015,19,"female"
"492",77.6162173969084,0.901188635275896,19,"male"
"493",52.7996575367434,0.866554840354617,19,"male"
"495",54.9195023127409,0.883947952919142,20,"male"
"497",59.5861915685373,0.863788453537772,23,"female"
"500",61.1561458912328,0.74807048391707,18,"female"
"501",100.001042483002,0.882300452583439,22,"female"
"502",58.9563624196779,0.787816663446073,20,"male"
"503",73.7932322827074,0.80581881140301,18,"female"
"505",73.3295415225373,0.830202810270808,21,"female"
"506",64.3584059935951,0.893976517758298,18,"female"
"507",49.5229627024915,0.889975905011737,20,"male"
"508",65.0901197610863,0.901084033352572,20,"female"
"509",85.2799081157722,0.850222860044373,19,"female"
"511",42.5911740184799,0.877446546684134,19,"female"
"512",45.8506967861679,0.891957609728541,23,"female"
"513",59.3028378993808,0.877999525721728,18,"male"
"514",53.7481839139071,0.838908641726432,21,"female"
"515",40.8486440711414,0.888277429474808,18,"female"
"516",87.6702579900716,0.829465712302866,19,"female"
"517",43.503992459804,0.929076217349761,22,"male"
"518",61.7226755019254,0.677554163976257,21,"female"
"519",61.1745695947226,0.840959714095006,24,"female"
"522",68.2252248133043,0.810202387221279,19,"female"
"523",47.4233334233922,0.885301857544053,37,"female"
"524",35.9040733555163,0.89981471600861,19,"male"
"526",59.8446178620628,0.814884198875783,19,"female"
"528",33.2530715528764,0.833757251956237,18,"female"
"529",65.4110523207263,0.861994651527657,48,"female"
"530",56.7240409502331,0.872969285121532,18,"male"
"532",56.6960035526722,0.829328064325975,22,"male"
"533",69.9306705394624,0.742646460219389,19,"male"
"534",57.6837071927635,0.860574342697968,23,"female"
"535",75.7531056999079,0.864611380849613,21,"female"
"536",57.8862333160942,0.849333149013147,18,"female"
"537",98.0930265204322,0.822308423415662,18,"female"
"538",53.5356970588268,0.857456106435788,20,"female"
"539",54.6814129119719,0.7537738695562,20,"female"
"541",71.4877686827256,0.920510095087894,20,"male"
"543",74.4121977438764,0.7320610023215,23,"female"
"544",61.7534786186603,0.75789297850476,23,"female"
"545",38.4321357366612,0.857924447501688,20,"male"
"546",57.3761141848793,0.874593889205025,19,"female"
"547",65.1544266100034,0.708101471769517,23,"male"
"549",62.0175520080139,0.884573750443496,20,"female"
"551",76.4602064684581,0.874829864423691,21,"female"
"552",37.5138138467265,0.902295429286033,28,"female"
"553",37.0428006021405,0.870247404862012,19,"male"
"554",55.638447081018,0.877101637603998,29,"female"
"555",52.5511153296858,0.884841354374574,21,"female"
"556",66.5190461548089,0.897525969580098,18,"male"
"557",56.6388787511629,0.860907218374815,19,"female"
"558",57.5341115919196,0.881960893500705,18,"male"
"559",48.9860941450573,0.812791991306697,18,"male"
"562",74.6675650312828,0.902794286044123,24,"female"
"563",63.7922383610493,0.830320166443103,19,"female"
"565",53.6314604356986,0.839096047990248,20,"female"
"566",62.0122015845726,0.820614422937658,21,"male"
"567",80.5135181237378,0.881033849705658,27,"male"
"568",84.9339155268642,0.728491593411752,23,"male"
"569",50.7077710895277,0.843053135307234,24,"female"
"570",79.1916373776428,0.856742215600257,26,"male"
"571",57.2996595578144,0.867619966989547,20,"male"
"573",57.978134888805,0.729074852952201,19,"male"
"574",62.6357436035017,0.872863313915742,18,"female"
"575",64.1126467473649,0.938151132697211,35,"female"
"576",64.7174401762324,0.816688620767179,21,"female"
"577",66.5806011729447,0.846344865999337,20,"female"
"578",97.2495168550352,0.884595268252023,18,"female"
"579",44.761368582987,0.917149079103626,42,"female"
"580",67.9369049060254,0.740905033329602,19,"female"
"581",73.1414701243435,0.944658631186389,19,"male"
"582",76.3473748293052,0.791626733487998,20,"female"
"583",42.5301204081463,0.934772703922563,44,"male"
"584",77.7341394257131,0.750919447121078,21,"female"
"585",48.0173835647238,0.864483142859716,46,"female"
"586",51.6976320764509,0.94232268579024,36,"female"
"587",63.9061421459079,0.776459978719697,29,"male"
"588",73.7577601028326,0.876297760675393,20,"female"
"589",50.9140888598757,0.845921523738489,21,"female"
"590",52.2445947050548,0.956996551764228,19,"male"
"591",71.6737211269787,0.881228793008915,22,"female"
"592",52.7063106209581,0.808474844318281,18,"female"
"594",64.7786843054642,0.887927701299131,24,"female"
"595",55.8726132578044,0.781160351066421,25,"female"
"596",81.7133719040697,0.8843779631521,19,"female"
"597",57.9210423507475,0.80903929091991,21,"female"
"598",34.7661606140788,0.80189724957977,18,"female"
"600",57.1902454011768,0.804686087218948,19,"female"
"601",37.7222829773745,0.906412624013288,18,"female"
"602",50.5576293356743,0.795657238759253,20,"male"
"603",114.814298180386,0.939493437471334,28,"male"
"604",68.603597765584,0.888086682330665,21,"female"
"605",46.0763590844146,0.858548673763754,19,"female"
"606",86.3935765688277,0.750716127480923,27,"male"
"607",75.0123685240178,0.800958801564837,18,"male"
"608",52.6506840953967,0.869871599990444,18,"female"
"609",58.7895216986101,0.860023610550888,19,"male"
"610",87.4916130658153,0.819693031720268,19,"female"
"611",73.6819932299868,0.834608098554729,19,NA
"612",70.0216855367154,0.784012165459473,19,"male"
"613",63.5116059386366,0.736541990166923,20,"female"
"614",97.6374809896917,0.890212740994864,20,"male"
"615",49.9392976367013,0.873984600839214,22,"male"
"616",71.6622858691101,0.86494475035613,22,"female"
"618",86.3771510117043,0.912798473007972,25,"male"
"619",53.1138569249382,0.669646938954225,18,"female"
"620",79.7684934787187,0.881604165831789,19,"female"
"621",38.6923777312624,0.78701542397903,20,"female"
"622",49.5935967845479,0.865806228923828,19,"female"
"623",65.1732518041359,0.791492543246906,22,"male"
"624",72.373872431432,0.941380678256243,27,"female"
"625",35.7424091811833,0.795390839489145,19,"female"
"626",59.6786689899271,0.855415131347201,21,"female"
"627",63.6875602948119,0.901328600955531,22,"female"
"629",85.016795128163,0.845014098103796,19,"female"
"630",87.9789938466549,0.770358753693063,18,"female"
"633",51.0435692757877,0.794144410270076,19,"female"
"634",72.536643048161,0.904499227856055,22,"male"
"635",37.6255130598738,0.852947153430971,18,"female"
"636",72.5897379173422,0.834411566454015,33,"male"
"637",73.1192282026932,0.744709234526095,21,"female"
"638",46.0783489334577,0.887104710962612,21,"male"
"639",82.273011727656,0.903488823222804,23,"female"
"640",55.5615319136845,0.738828201162914,19,"male"
"642",85.0922027822704,0.764184842654605,19,"female"
"643",48.845012996281,0.890105281018113,20,"female"
"645",62.3219117018347,0.864953354744825,19,"female"
"646",41.0056980037526,0.783817846575269,18,"male"
"648",91.0142589736769,0.897960444616586,21,"female"
"649",54.7243124484963,0.863146953963648,19,"female"
"650",57.996844460271,0.846881660977051,18,"female"
"651",79.0814594115525,0.868863250531098,29,"male"
"652",57.1565039654825,0.888852990195203,20,"female"
"654",64.3903439474823,0.803475325659334,18,"female"
"655",78.1077019068656,0.882833933963605,18,"female"
"656",61.5939377688967,0.777729849082044,24,"female"
"657",74.6240297682593,0.818698567566652,22,"male"
"658",47.9685269033989,0.895226727011262,18,"female"
"659",48.5118119547263,0.870548213150623,20,"female"
"660",53.3254667089787,0.889331680158015,18,"male"
"661",72.7373563135459,0.86304666993138,20,"male"
"662",67.3138243894182,0.741131604378075,19,"female"
"663",66.2284842219797,0.820362053707907,20,"female"
"665",73.5320981517143,0.707511925039489,24,"male"
"666",89.1242659415066,0.888869170670734,19,"male"
"667",70.1773697834955,0.872442572069805,28,"female"
"668",78.3915688536967,0.864186285034733,19,"male"
"669",59.8858045278393,0.608337587884299,20,"female"
"670",75.0364720605917,0.832789641198457,20,"female"
"671",63.4742032136455,0.870731179426619,19,"female"
"672",76.3943852608801,0.878287145601048,26,"female"
"673",53.6220730581982,0.911332066706507,18,"male"
"674",62.6504061573028,0.883555672071219,27,"female"
"675",115.50519207171,0.845300740822842,24,"male"
"676",75.179140622106,0.898266099739972,22,"female"
"677",73.6088846066689,0.824125478413202,18,"female"
"678",75.0346429735364,0.65879699662352,21,"female"
"679",80.9168216477415,0.890366660690629,21,"male"
"680",64.0358683120242,0.840929722851903,20,"female"
"682",89.3401162975646,0.576356674698753,20,"female"
"683",81.1267489237982,0.894167107149982,21,"male"
"684",44.726807980915,0.928583272086105,18,"female"
"685",65.8848749009641,0.85882716013695,22,"female"
"686",65.8558089521775,0.887364392147693,20,"female"
"687",36.6934962812423,0.872227462114292,18,"female"
"688",36.7978110437881,0.913137356094562,21,"male"
"689",67.4758865200444,0.677648717970305,23,"male"
"690",80.5754368275323,0.825143969687866,22,"female"
"691",94.6967802719612,0.896735621462845,21,"male"
"692",82.0331091845558,0.866180336095967,19,"male"
"693",60.2680824880657,0.913027899852059,19,"female"
"694",51.0006691139514,0.891567593855565,18,"female"
"695",72.9920006868498,0.806076850068237,19,"male"
"697",81.2164977192186,0.757835489532376,22,"female"
"698",51.9682702567075,0.825508734988348,18,"male"
"699",107.95373260226,0.759324838471546,NA,NA
"700",65.5035168793473,0.883523896316512,NA,"female"
"701",81.9240544579118,0.838754060875166,19,"female"
"702",84.4511431678913,0.797597307690185,21,"female"
"704",33.2157753781583,0.804814805525014,18,"female"
"705",73.7606146195892,0.923563389663312,24,"female"
"706",73.7519628158149,0.795381189542121,18,"male"
"707",63.7361811442107,0.921544370715057,18,"female"
"708",77.2867815950098,0.89580089919269,18,"male"
"710",70.1990288955897,0.858894240516879,18,"male"
"711",52.4408602622495,0.853027608039342,22,"female"
"712",53.7754973426358,0.877786805872068,18,"male"
"713",67.878692109718,0.890209808079272,19,"female"
"714",72.0379527237909,0.850559270639522,20,"male"
"715",67.9475839758764,0.910994939292452,19,"female"
"716",77.0707150521403,0.813336429922347,19,"male"
"717",95.2146092114304,0.814909423339814,19,"female"
"718",48.937881784469,0.738150592153778,24,"male"
"719",86.4155796071024,0.87020431571895,18,"male"
"720",75.4454184847654,0.855521220031431,24,"female"
"721",39.8106001428419,0.905671907955958,20,"female"
"722",73.5806500152777,0.899752250514269,22,"female"
"723",78.9650399506401,0.918093003734074,23,"female"
"724",57.6621535776501,0.874769735726201,20,"female"
"725",69.7529090763639,0.878324173729888,23,"female"
"726",55.9510009229606,0.898881560740956,19,"female"
"727",90.4317060384649,0.831199761525732,21,"male"
"728",70.8823869324192,0.826607212604325,19,"female"
"729",57.5211496683855,0.844758676417308,22,"female"
"730",86.8595695446266,0.923016592483925,20,"female"
"731",42.4716380486559,0.84828685777192,23,"female"
"732",64.3901158708165,0.800201096959407,18,"female"
"733",67.1871928188767,0.8784558609603,25,"female"
"734",52.5581933672583,0.840017558780328,33,"female"
"735",52.6108667097673,0.909231859301794,18,"female"
"737",54.6387522202573,0.835117473145997,20,"male"
"738",54.4122711920471,0.765033585096974,19,"female"
"739",89.7882870566556,0.845643220234524,23,"female"
"741",44.1518139327909,0.843559159473564,18,"female"
"742",101.587830231692,0.822883920282078,22,"female"
"743",39.4172907767871,0.910760772638895,NA,"female"
"744",40.0491357979402,0.854526111289936,18,"male"
"745",70.242935072589,0.777255070835883,21,"male"
"746",58.2013942844416,0.916923848267385,43,"male"
"747",53.526860318884,0.919371561810255,24,"male"
"748",69.4359707321011,0.723126105085922,23,"male"
"749",74.3897076484605,0.836828794865468,22,"female"
"750",83.7132114828579,0.768590202267909,23,"female"
"751",70.6980258611542,0.837556146942367,18,"female"
"752",70.0384931873802,0.936222683499492,29,"male"
"753",52.0121460761155,0.882370489675672,NA,"male"
"754",49.4231443381913,0.90997672491567,23,"female"
"755",58.5022070007545,0.866432711898528,21,"male"
"757",97.1698215172264,0.821064206606685,22,"male"
"758",53.7396040351839,0.839596934777818,22,"female"
"759",55.0485172152586,0.866359334263982,19,"female"
"760",64.011337366456,0.865114277330331,20,"male"
"761",43.2507651442075,0.864767931770609,20,"male"
"763",69.7200714077605,0.915654666008268,22,"female"
"764",60.595120779117,0.718370013694282,20,"male"
"765",59.3942060862556,0.895108090618489,19,"female"
"766",78.4837983706118,0.858973194884366,23,"female"
"768",103.107617431978,0.853889857603053,22,"female"
"769",90.2849916845267,0.917393224355129,19,"female"
"770",54.4096416502694,0.707698076961562,19,"female"
"771",83.1304352894809,0.810453292776755,18,"female"
"772",90.8839939435233,0.808940275110304,18,"female"
"774",48.2646679930144,0.898177762632609,24,"male"
"775",66.1683541971967,0.888878276299407,18,"female"
"776",90.1305736096334,0.83900127554929,24,"female"
"778",88.0973212990985,0.778119306323146,20,"female"
"779",39.6400167370346,0.889394377577997,19,"female"
"780",41.3760038796355,0.676768444544712,44,"female"
"781",55.2112125964696,0.882714458773898,24,"male"
"782",79.0312709262517,0.810907869943776,23,"male"
"783",48.5640901255536,0.87503853382895,18,"female"
"784",59.0889039285335,0.861813737681403,23,"male"
"786",68.0688268152483,0.909114061190859,19,"male"
"787",42.6318384028097,0.894212085172178,36,"male"
"788",73.5473649101595,0.825405321613558,21,"female"
"789",54.0826634686815,0.870441316846677,21,"female"
"790",49.6059770850609,0.842511354053837,18,"female"
"791",61.2488262423958,0.814452504284905,21,"female"
"792",59.685803708403,0.834144807716269,19,"female"
"793",46.0805840274443,0.845001458958893,22,"female"
"794",62.1728341878356,0.814275499652742,19,"female"
"795",70.1435892006969,0.842319802032607,22,"male"
"796",85.5672025024677,0.838911559585838,24,"female"
"797",65.0789810838173,0.885903622095478,18,"male"
"798",72.4112159493248,0.833640861620217,18,"female"
"799",72.3130164154114,0.843644286212067,21,"female"
"800",53.2761196532458,0.871341350084747,20,"male"
"801",54.0799135023507,0.779788495356611,21,"female"
"802",24.9804634278683,0.8113313149761,21,"female"
"803",104.923711125709,0.847589747302011,21,"female"
"804",50.2008935190964,0.929776364635808,35,"female"
"805",63.3600358637708,0.824850684166627,18,"female"
"806",48.7783153709093,0.672026654164731,18,"male"
"807",53.1163656863712,0.795852891356705,22,"female"
"808",85.6773018777364,0.863615838665925,20,"female"
"809",52.265128547568,0.936752323945911,21,"male"
"810",74.7042712187045,0.923311213522989,18,"female"
"811",51.9414178005604,0.854421130948113,20,"female"
"812",48.6918707926371,0.813600655678124,22,"female"
"814",45.8879008630407,0.744348990048052,18,"female"
"815",56.7844960152444,0.7771377470656,18,"female"
"816",39.1652832309019,0.855410554744559,20,"female"
"817",76.2990327464049,0.943127869846381,24,"female"
"818",81.9109257922643,0.832257490129293,18,"male"
"819",54.6379290766625,0.806207397488626,21,"female"
"820",46.1156759465329,0.607699369105886,21,"male"
"821",42.1233618204759,0.903587187776558,28,"female"
"822",54.4104608606283,0.839930844324362,18,"male"
"823",34.3837784518426,0.915149814959358,22,"female"
"824",54.4857282758135,0.855462236629675,26,"female"
"825",80.9537171850727,0.845667011492517,23,"female"
"826",74.5937741924795,0.807147714379472,19,"female"
"827",46.077823571503,0.917390272828424,20,"male"
"828",54.1809964386026,0.823608378254644,18,"male"
"829",62.1784527372866,0.699537803426011,19,"female"
"830",58.9531773594865,0.879212079703156,18,"female"
"831",53.0575495224191,0.882197574802999,18,"female"
"832",58.9260809009707,0.925046925873914,22,"female"
"833",52.9910538635594,0.805785900464345,19,"female"
"835",70.7562135283487,0.848683774235368,20,"male"
"836",55.0187688208152,0.777603180900986,18,"female"
"837",42.8835392666111,0.955750284200605,18,"female"
"838",65.0639347584016,0.888848919153026,22,"female"
"840",54.9717652357264,0.894940903577109,21,"female"
"841",44.4533273499336,0.888378111409227,18,"female"
"842",62.4312715067467,0.874837464536142,27,"female"
"843",65.9065322478926,0.89546626443746,23,"female"
"844",54.1743199806288,0.82992512147694,18,"female"
"845",65.4106895225637,0.903491617066792,19,"female"
"846",64.9384567353442,0.813190263360884,18,"female"
"847",38.8288590431311,0.951436232750169,35,"male"
"849",65.3716796976436,0.890497720145442,19,"female"
"850",72.8094962454752,0.870506709668824,24,"female"
"851",54.8958130765645,0.89534790303421,19,"male"
"852",63.5733662010882,0.90470626152425,21,"female"
"853",65.0546174924652,0.792427690762331,23,"female"
"855",77.5878390304277,0.857104670526411,27,"female"
"856",83.7964796407111,0.875585566747739,19,"male"
"857",64.1007574924797,0.864706896524135,19,"female"
"858",71.9921524476707,0.886050004299114,28,"female"
"859",92.8547507800218,0.618313811286321,23,"male"
"860",48.6307951622167,0.78051818848173,22,"male"
"862",66.8124422182996,0.800918053996333,20,"female"
"863",58.2264545459287,0.865798587877359,19,"female"
"865",85.2212043724012,0.761664296452117,21,"male"
"867",58.3964264845488,0.916438966039006,18,"female"
"868",83.5088014198806,0.743595447042967,19,"female"
"870",78.9179832135212,0.682524185240112,27,"male"
"871",44.3341057510171,0.875090381182913,18,"female"
"872",75.0081590679878,0.858887973097817,31,"female"
"873",52.2955052599337,0.816791226851401,19,"female"
"874",76.3430414454852,0.866951515752413,18,"female"
"875",93.969672387775,0.817896606830397,20,"female"
"876",49.8677464185851,0.903138242267904,20,"female"
"877",70.0417630500342,0.789994559064512,18,"male"
"878",82.4631034179902,0.795376700272981,18,"female"
"879",47.9352971606322,0.806679813798987,31,"male"
"882",37.7696878414309,0.908535289794087,20,"female"
"883",104.669796060274,0.91559787847758,18,"male"
"884",35.7900678477604,0.86035190358014,21,"male"
"885",107.120464725278,0.884067556835521,23,"male"
"886",71.4831157985317,0.846845915294825,18,"female"
"887",49.7734677544922,0.936140848743053,21,"female"
"888",67.3113157660363,0.877105406894767,22,"female"
"889",47.9424398534033,0.771484576551082,18,"female"
"890",55.8107387386825,0.846857669348614,23,"female"
"891",116.970572502832,0.809642773598308,24,"female"
"892",67.0681566034126,0.782807490994771,22,"female"
"893",43.5410234060384,0.846491716235753,19,"female"
"894",76.0455564557009,0.823330170023353,22,"female"
"895",84.5968547366765,0.907375263097987,21,"male"
"896",75.852478798829,0.931680526824752,22,"male"
"897",53.8440571533348,0.887063517983244,19,"female"
"898",122.96700963391,0.892170690407086,20,"female"
"899",58.7462759991067,0.923143625639641,24,"female"
"900",92.8525329360508,0.901646065891626,19,"female"
"901",51.3780365052144,0.852703244833113,22,"male"
"902",64.5861477308785,0.764266522109576,18,"female"
"904",83.9261155509679,0.880531226667874,19,"female"
"906",41.7103667952661,0.867586226076213,21,"male"
"907",75.6326475431356,0.828702631910859,21,"male"
"908",35.9613590476445,0.920209536034256,18,"male"
"909",49.056543006953,0.820654047812421,19,"male"
"911",28.5048588913169,0.919305896278543,50,"female"
"912",44.3867422213446,0.86066712009758,21,"female"
"914",50.6731423467998,0.793896832994811,20,"male"
"915",51.4916665938556,0.903036476281154,19,"female"
"916",57.4953636562431,0.832825946608941,21,"female"
"917",34.8567768753513,0.83269183758554,19,"female"
"918",84.3993218773109,0.717533876756728,21,"female"
"919",76.0000899403884,0.759135260436546,20,"female"
"921",90.8191289299428,0.895357944824327,22,"male"
"922",60.0910225442039,0.900374691837281,22,"female"
"923",105.774399217197,0.917991025126554,20,"female"
"924",74.5836355540168,0.871973379787059,18,"female"
"925",51.1762695607189,0.849054744084293,18,"female"
"926",71.392929366857,0.911626316434756,19,"female"
"927",47.3798657759936,0.885837996038714,18,"female"
"928",64.6068361074737,0.874891917343162,20,"male"
"929",37.3939087124643,0.780057251126434,20,"male"
"930",43.9786843348876,0.902333237308042,20,"female"
"931",67.8443489595656,0.875640307692919,20,"female"
"932",33.0260441952196,0.922498236267588,18,"male"
"933",42.4321177175655,0.732603211469081,18,"female"
"934",43.4086421558682,0.885683633391804,23,"female"
"935",69.18008142781,0.745213044504685,18,"female"
"936",61.9979380917161,0.867823920358596,21,"male"
"937",66.9353548374375,0.802106116186182,18,"male"
"938",82.9581537893741,0.866754673068108,22,"female"
"939",73.3660984659445,0.802614075579687,20,"female"
"940",73.5749795556527,0.812777609040863,21,"female"
"941",70.8232798243353,0.849801845711473,20,"female"
"942",55.8603147332103,0.888205586049795,19,"female"
"943",93.4773122211694,0.899450726698535,18,"female"
"944",45.6991414903545,0.874129646026918,20,"male"
"945",81.6223442526312,0.842627853982852,22,"female"
"946",78.3455069382036,0.930487438726322,18,"female"
"947",41.5574118580463,0.748011985575124,19,"female"
"948",91.519889479763,0.898110460867332,20,"female"
"949",50.8696546456844,0.882791363513701,20,"female"
"950",73.15134553133,0.859268982466951,24,"female"
"951",52.4763275174085,0.817536917025486,18,"female"
"952",66.6334318956443,0.726504493046057,18,"male"
"953",65.3972121092309,0.769747120778896,24,"female"
"954",56.2147270537002,0.890810511408912,18,"male"
"955",59.3853799846466,0.833274671258127,20,"male"
"956",69.0459882574123,0.841879662904096,25,"male"
"957",49.0990154262892,0.783531687608119,20,"female"
"958",52.3464151468561,0.891013305806282,20,"male"
"959",84.6240461813158,0.896032443254166,24,"female"
"960",61.9977347439166,0.944312340189756,23,"female"
"961",86.2208624260407,0.927882587318295,25,"female"
"962",55.3005524496081,0.78203551958533,18,"female"
"963",88.6896644668115,0.839564980039475,24,"female"
"964",75.9632618331834,0.712090621897978,NA,"female"
"965",48.6574945535449,0.838077817836947,24,"male"
"966",67.8228958919768,0.871251866622138,18,"female"
"967",42.4488135578943,0.795597796526883,25,"female"
"968",57.8849785885318,0.788414896788493,21,"female"
"969",72.0209330193124,0.928925632787857,30,"male"
"970",67.383098598933,0.909342703895526,22,"female"
"972",87.7631185362012,0.825324059238531,27,"male"
"973",60.2767397304278,0.7725714235872,22,"female"
"974",70.5378442097603,0.825457624731533,20,"female"
"975",46.1625088704208,0.871059657392826,20,"male"
"976",47.9749446862569,0.802632066354613,18,"female"
"978",60.7598618731753,0.840409081327699,23,"male"
"979",63.5163475721921,0.743136199069584,19,"male"
"981",57.1659045797443,0.884219326422991,22,NA
"982",68.8296560794044,0.85855659251753,49,"female"
"983",80.0104466632723,0.813516533652496,22,"male"
"984",39.4035863403073,0.823386439527125,19,"female"
"986",62.3314967275219,0.892857666361919,22,"female"
"987",67.7236138341708,0.841330635345361,19,"female"
"989",79.9541198456611,0.786198536437085,19,"female"
"991",69.6072689890854,0.866625913642308,18,"female"
"992",50.2292895311007,0.875242185906994,18,"female"
"993",55.2804718063112,0.88795143718892,22,"female"
"994",36.2385122006754,0.904503664141935,24,"male"
"995",74.8796610945415,0.803777646528398,21,"female"
"996",61.5580497593245,0.782468047616037,21,"male"
"997",103.056672688948,0.820044293929672,18,"male"
"999",64.4061405894317,0.802133285923955,20,"female"
"1000",80.7591649952305,0.734050305471697,19,"female"
"1002",77.420030506247,0.836235510907959,21,"female"
"1003",70.920243112469,0.6879845374072,18,"female"
"1004",29.898812246168,0.882949261505361,18,"female"
"1005",43.6676933085237,0.894302166685785,19,"male"
"1007",64.1115636311377,0.768589292908601,22,"female"
"1008",54.948577359462,0.786854794355559,21,"female"
"1009",75.7241993472581,0.69887774760162,23,"male"
"1010",41.67082760847,0.871742805312618,24,"male"
"1012",54.7231434262555,0.893321603398622,18,"female"
"1014",88.0320423167645,0.886854493879056,19,"female"
"1015",92.0922886377024,0.875701803987278,24,"female"
"1016",42.0267344723599,0.865184641235381,19,"male"
"1017",76.9157126947944,0.881436409766199,22,"female"
"1018",46.8524017206368,0.716815202911984,20,"female"
"1019",58.5952561746975,0.854255537788451,18,"female"
"1020",95.827640524691,0.907765057192388,22,"male"
"1021",98.5213722090503,0.890294270568679,23,"male"
"1022",39.7358972955058,0.90282198765309,18,"female"
"1023",59.4264366582509,0.907794750672584,26,"male"
"1024",83.458217298256,0.772678323146426,22,"male"
"1025",117.770808931363,0.892594377494223,20,"male"
"1026",87.3370650468023,0.825118851008184,20,"male"
"1027",35.7798615889504,0.946746469114025,18,"male"
"1028",59.2830971880072,0.580554799055049,19,"male"
"1029",70.678673181441,0.86485728036085,18,"female"
"1030",37.8805491329531,0.837807055725412,19,"female"
"1031",55.6202975779876,0.892672706672212,31,"female"
"1032",68.5844465112724,0.811329489090614,21,"female"
"1033",46.6205446969877,0.802301167661699,19,"female"
"1034",53.4124618759442,0.901557104372867,39,"female"
"1035",47.911844065603,0.772110204517459,18,"male"
"1036",45.3842644948732,0.78959475537529,18,"female"
"1038",93.6370005050202,0.840334190503632,18,"female"
"1039",108.609849459559,0.78043290915039,19,"female"
"1041",62.9249603583929,0.806507879405865,18,"female"
"1042",87.4500091973992,0.885667490660919,18,"female"
"1043",83.4891824458117,0.728643335049653,NA,"male"
"1044",69.8886696239204,0.850232804279204,23,"female"
"1045",40.6474245204587,0.756585038220308,18,"male"
"1047",58.5522995904282,0.853786571077222,18,"male"
"1049",85.9797803142534,0.775647113663785,20,"female"
"1050",83.0402362544625,0.776562551513591,19,"male"
"1051",71.0588723460773,0.933313772587843,23,"male"
"1052",52.9696517013816,0.763315126249901,19,"male"
"1053",97.6636727489961,0.899363519178858,19,"female"
"1054",35.1339851070071,0.934215853774391,33,"male"
"1055",77.0721924575771,0.853514331529285,18,"female"
"1056",48.8084065169196,0.843252355526362,26,"female"
"1057",58.6053442295914,0.800690648150506,19,"female"
"1058",81.3406495928699,0.906452547926941,25,"female"
"1059",34.7287440381994,0.899889339393013,20,"male"
"1060",84.1867055953592,0.735904926561594,20,"male"
"1062",47.5948604249433,0.851177054694597,19,"female"
"1063",46.123801750396,0.85593170590372,19,"female"
"1064",60.3143583544192,0.831623026792906,20,"female"
"1065",57.5840732793307,0.850734466757893,20,"female"
"1066",71.1366893252123,0.844467957243136,18,"female"
"1067",60.5186279735867,0.849577345433603,21,"female"
"1068",62.7129587637689,0.818597240158489,19,"male"
"1069",51.5121175148513,0.925368259894448,29,"female"
"1070",51.4941392244198,0.909514922928938,20,"female"
"1071",50.0308152804957,0.918706411548647,26,"female"
"1073",86.7131145629534,0.732497116014251,24,"male"
"1075",75.7769616159659,0.722806933901345,24,"male"
"1076",91.3358954415522,0.718655851123997,19,"female"
"1080",60.9347024699497,0.839251084549239,20,"female"
"1081",41.5472211457887,0.845414444559452,32,"female"
"1083",64.2033201079199,0.848545696564301,26,"female"
"1084",69.0719651338652,0.741808548443115,18,"female"
"1085",60.8472382212959,0.835105932175463,20,"male"
"1086",58.3536312282609,0.901302134338763,33,"female"
"1087",71.651159879448,0.875453540152087,25,"male"
"1088",60.1269954552298,0.744609776380081,22,"female"
"1089",73.2320859035001,0.829586561235979,22,"female"
"1091",66.263190473974,0.913228981293349,26,"female"
"1092",78.9018388626931,0.783947847542009,19,"female"
"1093",80.926335911307,0.731514829589748,23,"female"
"1094",62.3161820099733,0.877111085714829,24,"female"
"1095",60.2011891162575,0.726151439385509,20,"female"
"1096",53.1755890938274,0.842823184198544,25,"female"
"1097",78.4358585539344,0.864039192354478,18,"female"
"1098",93.4154692458958,0.880329231991187,19,"female"
"1099",52.3845190675209,0.877788879752661,39,"female"
"1100",81.1899396527913,0.868032897499763,29,"female"
"1101",53.0673376965595,0.827651763336303,28,"male"
"1102",50.8557795787323,0.806881251938948,43,"male"
"1104",43.5177965136444,0.925510995423723,36,"female"
"1105",67.505050280247,0.837009012596179,21,"female"
"1107",62.7592460847637,0.777525349818493,26,"female"
"1109",83.2516044440313,0.923543308810108,21,"female"
"1110",90.2636455480672,0.798660176084069,22,"male"
"1111",64.9162143322934,0.7618351928963,19,"female"
"1112",79.3563967487688,0.869848157785479,21,"female"
"1113",35.9392387870673,0.868713965200721,24,"male"
"1114",46.4658033694879,0.850475645904013,18,"female"
"1115",89.4845159956212,0.847842584066711,21,"female"
"1116",48.0778815753072,0.837222681844274,22,"male"
"1118",44.3397095737053,0.855074878113069,18,"female"
"1119",57.1318002833692,0.825891326978414,23,"female"
"1120",49.3776579011669,0.922331436547283,38,"female"
"1121",49.6859906492367,0.866618449321119,27,"female"
"1122",108.024764771113,0.7812183132897,22,"female"
"1123",90.8299629633191,0.730995516427183,18,"female"
"1124",62.13133992194,0.883109574209197,28,"male"
"1126",75.5148269000976,0.911349893666325,21,"female"
"1127",69.953518389653,0.708935933157381,19,"female"
"1128",67.8388783152513,0.934653380439593,44,"male"
"1130",70.7034755238498,0.895268519892426,22,"female"
"1131",66.8803388983558,0.940456656007921,25,"male"
"1132",75.4299475837673,0.768812133791698,21,"female"
"1133",71.3936421303238,0.822370637122976,22,"female"
"1134",66.369760134819,0.841200484301768,22,"female"
"1135",119.210995255827,0.878567649381271,22,"female"
"1137",82.6223216462913,0.86321526461587,23,NA
"1138",58.6472886260738,0.914488845631911,25,"female"
"1139",62.3484802843455,0.869081621734131,18,"female"
"1140",50.0493823483471,0.743059612033312,18,"female"
"1141",58.45697669951,0.742984944625252,20,"female"
"1142",58.7297762357926,0.921089923174152,23,"male"
"1143",50.3835140707089,0.855675277682559,19,"female"
"1144",58.05093162898,0.890290720462599,20,"male"
"1145",74.9970189750146,0.904280685266481,25,"female"
"1146",70.7710747068492,0.751077803212571,19,"female"
"1147",36.0278247875449,0.841726053255896,23,"female"
"1148",54.9964053524849,0.865504549497404,38,"male"
"1149",48.7440146711185,0.823100159042983,24,"female"
"1151",53.9046580105918,0.871135249830209,22,"female"
"1152",66.7485607632516,0.897118924142084,20,"female"
"1153",54.0142117481388,0.886588040266165,24,"female"
"1154",70.4169105390887,0.799397407513286,19,"female"
"1155",34.0475505397947,0.701583132704985,18,"female"
"1156",38.2187343241415,0.909813592914215,20,"female"
"1157",43.4683100353238,0.836354025210641,27,"female"
"1158",62.0427206510203,0.941127930521484,21,"female"
"1159",34.2118022634803,0.843496490370224,22,"female"
"1160",49.7449545798015,0.931651047962478,19,"male"
"1162",52.5825068374173,0.831272458623309,19,"female"
"1163",54.8402179333299,0.914494767213489,22,"female"
"1164",46.8314872753017,0.767962676593823,19,"female"
"1165",70.7707912533417,0.848206728161435,26,"female"
"1166",28.9168678899994,0.757476960681631,19,"male"
"1167",41.8632171364761,0.884024096894674,18,"female"
"1168",110.908399244127,0.815387030192412,26,"female"
"1169",74.6243674958921,0.906790123294671,26,"female"
"1171",58.934733634183,0.870965001901793,19,"female"
"1172",62.2255521004804,0.841302818722385,22,"female"
"1173",49.3699589781752,0.897498174496072,18,"female"
"1175",63.8896192868756,0.815389192302268,25,"male"
"1176",69.2987670736044,0.867530531157568,20,"female"
"1177",46.4006798641122,0.862118057107244,22,"male"
"1178",33.9579526658994,0.887139137921584,18,"female"
"1179",69.2880876331788,0.897793342313989,20,"female"
"1180",45.66190184558,0.924562334384879,22,"male"
"1181",50.5403115519168,0.813297593126896,20,"female"
"1182",73.0714187798045,0.919037022423478,21,"female"
"1183",57.061835467836,0.890110045599257,25,"female"
"1184",47.1873351182951,0.816463240286272,18,"male"
"1185",44.363115815919,0.797575836871693,18,"male"
"1186",40.5312055418787,0.799966810671516,18,"male"
"1187",55.9542166958731,0.79299013951364,20,"female"
"1189",43.6556719942081,0.912273677115804,21,"female"
"1190",88.1864289548381,0.912696927463926,22,"female"
"1191",50.4565407804267,0.878852089896606,19,"male"
"1194",76.841306865346,0.797457733996077,19,"female"
"1195",61.876387885339,0.819925263711759,20,"male"
"1196",104.993125134204,0.8842929592764,23,"female"
"1197",59.696378416374,0.871138356361433,24,"male"
"1198",70.2595134947555,0.841876979403142,18,"female"
"1199",70.179422262376,0.864370742881011,26,"male"
"1201",62.884842432961,0.875632243067307,20,"female"
"1203",51.8044750714875,0.717610385060676,40,"female"
"1204",46.370329229419,0.799138227626721,21,"male"
"1205",79.3144432826793,0.867960212699673,23,"female"
"1206",93.3145792851776,0.850141985831025,26,"male"
"1207",25.9293599049881,0.875599603960972,23,"female"
"1208",69.699373651042,0.879028934351153,22,"female"
"1209",46.0999459404426,0.903276923631057,18,"female"
"1210",41.9597377476492,0.905323481098199,30,"female"
"1211",51.2864658352541,0.84820178777893,23,"female"
"1212",51.3702098137168,0.88143675267371,22,"female"
"1213",51.3741286832576,0.734480021621706,22,"male"
"1214",62.9056857814455,0.804700689656084,19,"male"
"1215",40.6379620055878,0.920501612435723,24,"female"
"1218",45.7602631508676,0.790640514834601,25,"female"
"1219",55.9695234571601,0.678411408612438,18,"female"
"1220",74.9816075233065,0.823751678503323,22,"female"
"1221",46.7326751043561,0.805538073628971,19,"male"
"1222",65.3327662056862,0.930358503373613,24,"male"
"1224",48.3816346266783,0.865347122814134,26,"female"
"1225",77.8441055348474,0.910564296660713,24,"female"
"1226",62.3153324411665,0.850384543805513,23,"female"
"1227",79.7606403485313,0.774001142697159,24,"male"
"1229",58.5462905294605,0.706865825616595,21,"female"
"1230",56.3736643459281,0.876304010017519,18,"female"
"1231",90.4980038684518,0.878128931140547,22,"female"
"1232",75.9674755129687,0.853790085380629,25,"male"
"1234",65.2628714748537,0.858593974204138,22,"female"
"1235",66.6813957242886,0.766242378927722,21,"male"
"1236",80.7844127782388,0.828927841496748,19,"female"
"1237",79.1782762413243,0.730114199911928,22,"female"
"1238",70.1283202707221,0.856073338821801,25,"female"
"1240",64.698052002335,0.907779171498936,24,"male"
"1241",40.5191488156909,0.909497458232484,19,"male"
"1242",62.3130631601008,0.784431302855433,20,"male"
"1243",71.8017178335015,0.699055596261434,21,"male"
"1246",49.5973841638578,0.873996119084241,21,"female"
"1247",83.0635971946169,0.800178462858176,21,"male"
"1248",46.403244678017,0.923395724246706,19,"female"
"1251",50.1026453307467,0.861093419441621,24,"male"
"1252",53.9649310960471,0.924196404724535,38,"female"
"1253",86.4345992191503,0.879414590222381,24,"female"
"1254",56.2257260550238,0.855199697921077,20,"male"
"1255",41.1608725371747,0.874344305394601,36,"female"
"1257",51.8633087653095,0.933152878481413,20,"female"
"1258",72.4556198564685,0.829522341724826,19,"female"
"1259",33.530214439881,0.892748162139665,20,"female"
"1260",52.5122590309868,0.578650321892944,21,"female"
"1261",37.9595754626014,0.942395029926075,24,"female"
"1262",53.5625467333436,0.890777802360285,21,"female"
"1263",32.7372842953691,0.88229263661044,19,"male"
"1265",65.9939191183081,0.850654173048738,22,"female"
"1266",71.9386514073914,0.818413026526948,25,"female"
"1267",50.4610060160466,0.836676549466562,18,"male"
"1268",90.786018575916,0.699817970978104,22,"male"
"1269",79.3387712843081,0.863076476084298,24,"female"
"1270",27.8783537842957,0.946296099107123,27,"male"
"1271",75.1075689537196,0.801909211902383,23,"male"
"1272",38.9878118605845,0.843527639892784,20,"female"
"1273",89.9758343907409,0.8954835912786,23,"female"
"1275",49.253509907253,0.813292132601434,21,"male"
"1277",68.766687108933,0.891635707623665,23,"female"
"1278",51.5787891958289,0.788469016042689,18,"female"
"1279",56.7734652669126,0.875854994119628,21,"male"
"1280",52.3733570521178,0.836599250333443,20,"female"
"1282",53.5570251928973,0.79986700756801,19,"male"
"1283",41.1530047967754,0.888372538096667,20,"male"
"1284",54.7313071491439,0.809567845194452,20,"female"
"1285",48.2818065810643,0.831788816280677,19,"male"
"1286",45.9331618343691,0.793862332338634,18,"male"
"1287",75.0489146353885,0.853014009510238,21,"female"
"1288",83.3900599471698,0.6869405554029,24,"female"
"1289",49.210079744398,0.87368408902174,20,"male"
"1290",98.5180232574924,0.865655355708601,23,"male"
"1291",66.5313721816528,0.791782162562529,20,"female"
"1292",44.8240768600897,0.863293892755385,18,"male"
"1293",66.7200222956139,0.904415855266339,21,"female"
"1294",80.1963710629341,0.888689634484878,20,"male"
"1295",75.8558234231534,0.887252831810472,24,"female"
"1296",50.9392154402839,0.919713853155401,18,"female"
"1297",56.8230597571717,0.935572787719723,21,"male"
"1298",56.2138424219032,0.730772885312785,18,"female"
"1299",67.1694513715999,0.858223441160417,22,"female"
"1300",74.271893853345,0.856391182587222,20,"male"
"1301",64.0711288636445,0.904790467477484,19,"female"
"1302",66.9660350775678,0.837635177505043,19,"female"
"1303",61.0468705305853,0.892716568613191,19,"female"
"1304",105.631961364747,0.787201987955264,18,"male"
"1305",54.7216918406484,0.882829711656074,24,"male"
"1306",54.5476954111676,0.804199213706359,18,"female"
"1307",78.1340217479302,0.889986117848283,27,"female"
"1308",98.511306755309,0.840392652264732,24,"female"
"1309",65.8052034653818,0.784481382161493,21,"male"
"1310",65.2213286240605,0.694078323236508,25,"female"
"1311",103.236909841264,0.891747788774791,24,"male"
"1312",68.8840615544196,0.909022095803662,21,"male"
"1313",31.0322703426364,0.928172521275451,69,"male"
"1314",41.5859556892398,0.832224428625972,20,"male"
"1315",63.7450275152437,0.844906271046364,33,"female"
"1316",67.3320529448712,0.839197999957044,19,"female"
"1317",53.2903409006579,0.818256068324247,18,"female"
"1318",59.8629397236944,0.840509073996748,20,"female"
"1319",60.4640700472319,0.774742285834694,19,"male"
"1320",47.8091270849615,0.865240018864633,21,"female"
"1321",115.024205427501,0.813219653727366,20,"male"
"1322",69.17105710756,0.736051811819688,22,"male"
"1323",82.3229973242431,0.790510938655278,23,"female"
"1325",57.5242785980874,0.885522465588725,22,"male"
"1327",42.5460382071346,0.88082812450456,25,"male"
"1328",92.7952649770742,0.857302712328843,19,"female"
"1329",61.2323874064434,0.912104667493108,27,"female"
"1330",64.4716451969049,0.903391769825788,25,"female"
"1332",56.3305257696823,0.843318107769929,24,"female"
"1333",59.4424473774851,0.592821915825743,20,"male"
"1334",59.8804345878061,0.824896372896241,18,"female"
"1335",67.6236302746356,0.784921120401651,18,"female"
"1336",93.9685201623974,0.913256167265338,22,"male"
"1337",81.1078338479645,0.915269346781365,22,"female"
"1338",87.4566931079895,0.828774445459481,23,"female"
"1339",42.809215395274,0.888840349999506,19,"female"
"1340",87.2580854275483,0.868729476715102,25,"male"
"1341",60.6793634910459,0.927346020047105,26,"female"
"1343",42.675982796667,0.825496982495468,19,"female"
"1345",124.673511228705,0.826621928740458,21,"female"
"1347",44.1042385463001,0.892109400860077,24,"female"
"1348",37.6078133846342,0.952159989584822,22,"female"
"1349",66.4677996114756,0.832816307585775,23,"female"
"1350",60.9350787536525,0.77243333392154,19,"male"
"1351",46.376625260297,0.85989778666005,19,"female"
"1352",45.2346347684808,0.849171315982372,21,"female"
"1353",63.4781224669736,0.890198164537147,21,"female"
"1354",63.0944139333837,0.91835721755627,21,"female"
"1355",58.1692617878762,0.858125967100329,21,"female"
"1357",84.0009259168495,0.869335638950045,20,"female"
"1359",79.7684324902397,0.867296583163246,19,"male"
"1360",46.1416010733411,0.902680694174543,22,"female"
"1361",80.0038322523619,0.699724817297788,25,"female"
"1362",60.512331853384,0.904384721673275,22,"female"
"1363",56.7311138324114,0.937145824397386,20,"female"
"1364",73.4752475261568,0.877900863783534,18,"female"
"1365",80.8402209368155,0.784431212746097,21,"female"
"1366",56.1533329804373,0.87334563383094,27,"female"
"1367",65.1021318486977,0.842389566120858,22,"female"
"1368",42.8248456092268,0.825316237952279,18,"female"
"1369",70.6296137298078,0.833264908323219,20,"female"
"1370",73.0308792986192,0.838459324183433,21,"female"
"1371",61.0547379279791,0.782952286508719,19,"female"
"1373",65.900385317535,0.63173954914416,19,"female"
"1374",79.4363091949552,0.824985897483984,23,"female"
"1375",70.8871257281743,0.819238411175897,20,"male"
"1376",49.8892792615059,0.815882624856694,18,"male"
"1377",59.7023813032412,0.903893115793864,23,"male"
"1378",52.3852511924224,0.703799809488073,18,"female"
"1382",58.4836769416071,0.856392154904639,20,"female"
"1383",89.3067303522873,0.827671740886685,21,"male"
"1384",100.829473138594,0.777971898814514,27,"male"
"1386",77.6492550886959,0.752910630725166,19,"female"
"1387",54.5066873318365,0.912042405598035,26,"female"
"1388",47.0393734926817,0.825707295709895,18,"female"
"1390",55.9278682744456,0.839135977638628,21,"male"
"1391",54.8850897361341,0.888630091314745,20,"male"
"1393",83.7070229456486,0.906149982493132,28,"male"
"1394",70.5822112927529,0.911329724023726,20,"female"
"1395",80.1274593806657,0.907274795865781,19,"female"
"1396",42.0019788099272,0.877303394581768,18,"female"
"1397",54.386867740493,0.874286681739576,26,"female"
"1399",75.4987161608013,0.889449322081944,27,"female"
"1401",83.9663169650379,0.841645629244775,22,"female"
"1402",36.2787328538253,0.806106973180499,26,"male"
"1405",54.904299240037,0.763229126639227,18,"female"
"1406",84.1521743314306,0.788340574148924,26,"female"
"1407",47.8166027614856,0.85820126251582,25,"male"
"1408",49.4222942344414,0.881878502096358,31,"female"
"1409",75.9998190817752,0.837582477074275,20,"female"
"1410",58.2685615756456,0.63346957400587,NA,"female"
"1411",70.2912274064706,0.832245501798198,23,"male"
"1412",72.879209732245,0.842855722378223,21,"female"
"1413",54.2186398323967,0.868904360700129,20,"female"
"1415",85.6228624788927,0.919267187620104,25,"male"
"1416",54.0443127383121,0.901005414112806,21,"male"
"1417",49.7374332145427,0.933807536567671,19,"female"
"1418",52.4722460909091,0.846964138843686,21,"female"
"1419",76.098369668742,0.843533174349822,24,"female"
"1420",63.4853224167442,0.723700038135391,19,"female"
"1421",60.6517112298466,0.93358314319319,21,"female"
"1422",48.4425235729728,0.849346951406864,25,"male"
"1423",48.0426794162115,0.828810859563048,20,"female"
"1424",88.7510247923245,0.864762981299918,20,"female"
"1425",58.8314401678021,0.839173339365803,33,"female"
"1426",60.6340605521107,0.791253260653944,22,"female"
"1427",101.892641734085,0.799110344346705,22,"male"
"1428",51.0235599358239,0.820634667677313,18,"female"
"1429",81.1112531686019,0.896186278308107,19,"male"
"1430",58.4034859492986,0.814623551756643,22,"male"
"1432",44.1878352978157,0.639658710564977,18,"female"
"1433",54.0146517011093,0.793950380793595,21,"male"
"1434",68.2829534273653,0.779195107035225,22,"male"
"1435",51.1317819799626,0.89973402574116,19,"female"
"1436",54.5183910226388,0.858111167083008,18,"female"
"1439",30.0278525112408,0.921664642500189,26,"male"
"1440",68.4874060226461,0.842185971375704,19,"male"
"1441",63.9919863670073,0.805192372453389,18,"female"
"1442",67.2776506168908,0.851436806937904,21,"male"
"1443",56.1958646336702,0.781519923714754,22,"male"
"1444",41.283964580077,0.887598899138967,19,"female"
"1445",58.8091583246949,0.935442209164013,21,"female"
"1446",56.0079626479758,0.883720860820625,20,"female"
"1447",69.6052236611996,0.717795107237387,19,"female"
"1448",47.2949178622478,0.774504412831888,18,"male"
"1449",45.8508997934618,0.883820515050861,19,"female"
"1450",59.9957714084851,0.904509236927441,18,"female"
"1451",42.4691286964882,0.921866580928686,19,"male"
"1452",70.7943162242489,0.872674056785334,29,"male"
"1453",55.3049188837498,0.792472878629032,19,"female"
"1454",44.8239243547737,0.91012206375959,21,"female"
"1455",85.4269987797274,0.834795423691013,20,"female"
"1456",60.0219966233179,0.865733344120861,18,"male"
"1457",53.3740896272899,0.820972573350766,22,"male"
"1459",122.931322722116,0.852638702961881,20,"male"
"1460",137.927445237258,0.898237656333787,21,"female"
"1461",54.1648010020199,0.935725260298412,18,"male"
"1462",78.4633206405652,0.814703866014056,23,"male"
"1463",49.4140091835907,0.869322189951415,18,"female"
"1465",50.8309107504825,0.770544208030802,18,"male"
"1466",115.375111096741,0.829949182459673,18,"male"
"1467",71.3110595111976,0.900263197006978,20,"male"
"1468",65.1876232919961,0.872208251124147,18,"female"
"1469",85.3443317038593,0.883521533154932,19,"female"
"1470",96.1849143750546,0.841230020688055,21,"female"
"1471",80.6200427197305,0.805494004051162,20,"male"
"1472",55.2634633224527,0.918891526584762,22,"female"
"1473",58.5965169546583,0.852896364865008,19,"female"
"1474",52.363376796766,0.773452101160428,23,"female"
"1475",68.2036314270318,0.826985022580444,20,"female"
"1476",55.2789807782779,0.894210186803557,23,"female"
"1478",52.810462182142,0.865455889171376,19,"male"
"1480",68.7950526738024,0.786428431048974,21,"female"
"1481",56.5468621676261,0.700575232542179,21,"male"
"1482",38.3426790944509,0.924122517440207,18,"female"
"1483",63.9735345308759,0.781653222076963,21,"female"
"1486",82.1804215685002,0.741967180035621,22,"male"
"1487",72.8449573479878,0.787359421899004,23,"female"
"1488",69.5512735546069,0.831395889962601,21,"female"
"1490",60.999110568375,0.845839063433982,19,"male"
"1491",50.0960724535301,0.875665436478355,20,"male"
"1492",55.630316273892,0.838029973728337,24,"male"
"1493",57.8856135756045,0.809722995757183,18,"female"
"1494",63.8089865172668,0.90985094509019,20,"female"
"1496",99.0459236579348,0.903540654876474,25,"female"
"1498",45.9801407989087,0.695455244404056,21,"female"
"1499",70.7612588875831,0.934784368063306,22,"male"
"1500",79.6895094249605,0.715104061785874,18,"male"
"1501",59.0949134895639,0.853891666032536,18,"female"
"1502",79.530016863643,0.833946287975381,18,"male"
"1503",68.9567210332909,0.861009846792162,19,"male"
"1504",92.4450573877164,0.790566333976427,21,"female"
"1505",72.6773377844026,0.781778946171805,22,"male"
"1506",75.7437205708363,0.920068087156138,21,"female"
"1508",52.5563830982783,0.858994906954046,23,"female"
"1509",97.0140405801641,0.850943366998225,22,"female"
"1510",49.0040467339359,0.881589999195402,20,"male"
"1511",98.2828322972546,0.824401358275531,21,"female"
"1512",36.4177671420945,0.894843302179633,19,"female"
